,COST
0,437.99304
1,7.1009064
2,512.5829
3,9.762254
4,200.50006
5,0.0
6,976.8301
7,417.35016
8,1543.9819
9,512.9878
10,93.27268
11,411.32904
12,1324.5331
13,460.28793
14,871.3185
15,1417.5464
16,530.14813
17,252.76123
18,116.76412
19,0.0
20,669.29126
21,521.75745
22,0.0
23,484.2267
24,346.3179
25,0.0
26,731.5356
27,0.0
28,1274.5632
29,296.73706
30,220.9899
31,1564.4874
32,1218.5657
33,864.04535
34,633.0746
35,406.50345
36,687.5351
37,238.58974
38,295.11118
39,1514.9761
40,803.67816
41,661.43396
42,1106.4323
43,858.57404
44,542.3802
45,181.06183
46,86.56489
47,851.2266
48,1972.3707
49,395.3222
50,139.70515
51,841.56885
52,1074.7064
53,361.11346
54,1354.4158
55,420.0831
56,265.97345
57,0.0
58,712.22284
59,1545.4236
60,443.66418
61,459.69485
62,674.7198
63,175.36102
64,634.3884
65,360.03397
66,183.08147
67,890.1991
68,1527.3885
69,373.5002
70,243.86299
71,0.0
72,631.7294
73,279.70825
74,734.57306
75,981.2709
76,376.32056
77,1158.0071
78,504.5586
79,604.29407
80,768.85297
81,638.67505
82,350.73413
83,730.5585
84,0.0
85,418.23068
86,504.7404
87,903.5611
88,275.6704
89,822.91095
90,425.21158
91,465.9143
92,376.6981
93,216.93932
94,198.79839
95,158.5266
96,177.53625
97,656.5777
98,1773.5087
99,441.3227
100,396.1201
101,1111.5247
102,0.0
103,262.281
104,446.12772
105,157.58601
106,0.0
107,346.22006
108,130.72083
109,636.15173
110,271.46133
111,197.87254
112,328.08215
113,613.51166
114,126.41365
115,639.37164
116,115.53278
117,398.4897
118,447.21014
119,542.92346
120,332.26044
121,1487.962
122,501.23065
123,482.9674
124,333.03418
125,252.65111
126,164.92235
127,871.3619
128,681.85156
129,727.357
130,0.0
131,2600.0886
132,1108.1147
133,204.81075
134,917.6342
135,4.3413415
136,517.4877
137,677.1156
138,976.572
139,335.64932
140,198.61424
141,178.05713
142,781.066
143,6244.0557
144,331.56635
145,102.90837
146,448.21152
147,279.78183
148,144.0452
149,1170.1846
150,512.5918
151,0.0
152,0.0
153,304.3722
154,920.8088
155,547.88544
156,228.11061
157,777.43695
158,0.0
159,246.35208
160,0.0
161,431.15073
162,225.52112
163,0.0
164,816.9587
165,1248.1765
166,1908.0798
167,631.07
168,183.08147
169,759.9285
170,339.3957
171,113.30642
172,139.09482
173,137.42792
174,202.52103
175,1103.6808
176,1537.4889
177,259.3824
178,270.95917
179,357.41092
180,52.858627
181,1091.9658
182,456.66776
183,1417.2828
184,963.8733
185,283.57745
186,235.34944
187,1200.2266
188,99.07609
189,342.81805
190,266.40634
191,1276.8293
192,366.53555
193,1847.7041
194,116.5084
195,129.15483
196,1148.0677
197,619.0713
198,144.12637
199,1106.3694
200,618.14166
201,377.88153
202,48.398952
203,255.51384
204,585.4314
205,36.4835
206,399.5136
207,459.447
208,673.80615
209,708.2422
210,793.0932
211,194.38239
212,307.53598
213,281.94324
214,1429.8802
215,326.6626
216,169.05418
217,307.79672
218,1177.1805
219,421.88733
220,386.54752
221,218.578
222,2625.715
223,1286.6185
224,116.53675
225,302.44278
226,1955.6737
227,486.03757
228,384.0416
229,367.68594
230,0.0
231,532.4035
232,668.1612
233,434.75174
234,465.29352
235,398.35007
236,587.71796
237,373.60422
238,172.31366
239,133.09488
240,1276.3239
241,618.19366
242,267.46393
243,113.791954
244,710.6441
245,0.0
246,2998.7275
247,531.3799
248,1204.485
249,2191.4866
250,723.7287
251,1196.5758
252,0.0
253,0.0
254,221.97997
255,317.51453
256,1013.8501
257,41.368248
258,246.72908
259,0.0
260,531.3651
261,979.8411
262,84.30591
263,195.7112
264,5018.178
265,1046.027
266,240.71129
267,308.0036
268,0.0
269,751.71515
270,518.50964
271,795.3083
272,130.84315
273,627.6371
274,268.27582
275,1830.7173
276,617.13495
277,0.0
278,589.7391
279,586.83685
280,454.03726
281,1424.9419
282,858.4688
283,1469.1191
284,194.3619
285,260.79434
286,231.0088
287,5436.4146
288,1127.2673
289,264.72803
290,958.6911
291,1069.0164
292,3282.8203
293,866.75775
294,247.67833
295,420.9295
296,0.0
297,606.9849
298,182.5109
299,966.02014
300,127.27151
301,688.0726
302,0.0
303,1165.4727
304,1365.0961
305,105.16628
306,667.4786
307,0.0
308,963.1305
309,334.88727
310,145.48228
311,799.0301
312,938.83954
313,176.2435
314,730.28864
315,540.1047
316,467.88632
317,411.36435
318,562.4984
319,0.0
320,269.53342
321,966.49615
322,1324.0448
323,1368.4768
324,324.52792
325,714.63873
326,370.50925
327,189.18617
328,801.92487
329,520.232
330,4776.6943
331,0.0
332,700.1215
333,622.7991
334,233.97672
335,304.28857
336,797.6198
337,562.21246
338,206.12413
339,510.87192
340,123.5901
341,630.6923
342,63.519497
343,630.18964
344,217.12566
345,1215.939
346,60.053745
347,0.0
348,921.3507
349,493.93414
350,209.54066
351,0.0
352,909.5576
353,714.75464
354,1375.6244
355,0.0
356,924.44495
357,913.84393
358,663.49164
359,288.83646
360,372.71945
361,637.9622
362,0.0
363,371.19516
364,669.5401
365,373.21204
366,0.0
367,369.6238
368,1894.6448
369,587.7892
370,662.3103
371,256.78622
372,107.17586
373,734.1266
374,1201.4095
375,0.0
376,1976.8861
377,7179.104
378,218.50587
379,686.10596
380,608.6025
381,839.7638
382,649.2429
383,685.7536
384,184.91847
385,0.0
386,156.12914
387,293.55725
388,1145.12
389,3730.0132
390,439.2658
391,0.0
392,130.72083
393,636.8292
394,498.05536
395,218.39296
396,709.428
397,840.4902
398,763.5501
399,2088.7866
400,0.0
401,272.43582
402,454.5462
403,1329.5488
404,3696.679
405,293.81906
406,130.72083
407,283.86508
408,263.35007
409,751.6985
410,759.71295
411,238.24127
412,195.18236
413,588.2337
414,1582.4875
415,764.7152
416,197.48187
417,4.9350595
418,628.38617
419,119.80943
420,0.0
421,578.7257
422,198.41621
423,95.90039
424,320.20322
425,0.0
426,661.7893
427,0.0
428,246.0183
429,411.26044
430,339.2139
431,0.0
432,1214.7087
433,0.0
434,171.49231
435,0.0
436,562.2446
437,932.4591
438,0.0
439,194.49504
440,2795.0522
441,318.52588
442,1310.8462
443,428.14896
444,582.2645
445,217.12566
446,567.30347
447,571.867
448,0.0
449,635.416
450,1112.7308
451,178.08939
452,513.19617
453,466.67926
454,0.0
455,822.5428
456,1408.9128
457,489.65475
458,0.0
459,0.0
460,0.0
461,305.35382
462,297.28653
463,269.12222
464,924.7409
465,260.9233
466,1075.269
467,1045.1852
468,123.985245
469,252.76917
470,810.2799
471,669.7099
472,706.0571
473,81.86499
474,675.9973
475,536.3675
476,158.53555
477,460.14413
478,836.7641
479,934.2699
480,214.76718
481,217.2363
482,389.98447
483,712.3953
484,1369.9951
485,128.43242
486,0.0
487,601.60364
488,361.28857
489,353.5039
490,586.5519
491,292.12067
492,0.0
493,300.10132
494,567.46075
495,547.4685
496,360.78534
497,718.93646
498,1579.0645
499,518.22144
500,473.98068
501,1091.65
502,1055.4207
503,55.916924
504,360.63776
505,867.2771
506,550.29376
507,201.91455
508,264.02542
509,0.0
510,847.7139
511,0.0
512,820.52124
513,1263.5249
514,1153.4941
515,608.5123
516,1238.0592
517,236.55885
518,1327.1353
519,183.08147
520,63.3152
521,312.99017
522,1975.9586
523,1098.8248
524,145.10172
525,687.0684
526,615.27344
527,409.237
528,343.7987
529,524.1059
530,1530.1602
531,308.63892
532,573.02124
533,1440.5388
534,1293.9631
535,368.73035
536,0.0
537,346.7825
538,1202.6912
539,592.03656
540,520.8473
541,782.19885
542,1039.7186
543,0.0
544,994.2487
545,1668.5189
546,0.0
547,0.0
548,2214.667
549,799.3179
550,0.0
551,1153.7743
552,299.38577
553,1571.4008
554,1142.7483
555,452.93777
556,189.22331
557,0.0
558,0.0
559,333.01703
560,471.63992
561,752.47675
562,266.56393
563,430.74042
564,392.96323
565,1917.0475
566,901.5088
567,1256.7264
568,103.12716
569,399.1361
570,574.10565
571,67.75798
572,3861.663
573,997.54865
574,210.39145
575,1243.0074
576,702.03625
577,0.0
578,585.4781
579,187.03648
580,2238.169
581,937.1374
582,605.2268
583,194.08586
584,283.69604
585,1055.9932
586,694.0426
587,229.65254
588,0.0
589,33.344086
590,276.64786
591,1017.74023
592,0.0
593,557.18616
594,279.70825
595,0.0
596,694.12085
597,156.78082
598,206.6067
599,0.0
600,115.52313
601,430.4573
602,841.5182
603,858.98206
604,815.21423
605,420.67587
606,668.5697
607,533.8981
608,65.68137
609,469.28674
610,214.43578
611,1024.407
612,1787.0674
613,525.2932
614,3273.9668
615,766.2696
616,0.0
617,470.58524
618,639.5516
619,0.0
620,0.0
621,0.0
622,778.598
623,278.3939
624,751.7448
625,1015.9532
626,2296.172
627,0.0
628,1036.8063
629,282.3581
630,1392.2797
631,701.3847
632,369.7968
633,675.74023
634,376.29767
635,295.6856
636,518.9753
637,290.78625
638,0.0
639,276.54086
640,221.60252
641,362.0214
642,147.89359
643,582.0528
644,1359.3422
645,600.4631
646,607.80505
647,708.6052
648,1104.5122
649,1759.3774
650,583.8553
651,657.0569
652,323.37717
653,256.2765
654,195.33755
655,0.0
656,2078.5486
657,270.72574
658,883.2522
659,1408.3367
660,18.970985
661,155.82187
662,385.46002
663,484.54047
664,131.84947
665,182.567
666,547.7065
667,339.17972
668,195.03044
669,798.04047
670,197.20717
671,0.0
672,1818.5638
673,934.709
674,202.38353
675,1217.3788
676,1078.6066
677,993.3295
678,627.73376
679,166.6872
680,1288.8473
681,592.7603
682,583.77295
683,377.83594
684,275.43045
685,249.53903
686,198.38197
687,0.0
688,614.23206
689,722.44446
690,905.02167
691,672.88696
692,2119.1887
693,272.28815
694,0.0
695,0.0
696,798.9807
697,355.69974
698,0.0
699,524.18036
700,808.2382
701,375.65225
702,607.45715
703,339.77768
704,996.2342
705,1618.6023
706,514.53485
707,965.4308
708,1109.1815
709,169.43692
710,635.4615
711,474.36996
712,134.38918
713,572.73926
714,2001.2699
715,0.0
716,721.1308
717,198.08347
718,711.4619
719,1420.3766
720,0.0
721,859.95605
722,415.93112
723,176.32617
724,2313.719
725,44.35651
726,277.60635
727,1259.9742
728,625.0592
729,239.69414
730,869.08386
731,1045.3506
732,2165.142
733,269.24533
734,554.3448
735,76.14151
736,0.0
737,231.56708
738,657.1252
739,0.0
740,529.31213
741,2520.6584
742,0.0
743,1651.4425
744,520.1832
745,608.54846
746,1296.6017
747,3289.3816
748,231.29971
749,1160.3585
750,879.3135
751,110.02082
752,359.29926
753,1558.1471
754,900.4789
755,192.18611
756,0.0
757,243.92715
758,398.43954
759,905.1682
760,261.24002
761,413.4236
762,384.5451
763,1323.4796
764,480.9455
765,152.15846
766,1695.5453
767,0.0
768,678.4641
769,278.09265
770,339.3957
771,229.87062
772,339.3957
773,0.0
774,119.9347
775,393.966
776,344.45047
777,831.9257
778,652.09985
779,0.0
780,598.2563
781,241.29977
782,975.4558
783,537.872
784,908.91095
785,406.20767
786,876.8918
787,483.575
788,647.824
789,173.68404
790,677.80286
791,376.32056
792,1139.1206
793,395.8591
794,1013.009
795,4162.7812
796,1289.2035
797,133.43518
798,918.53735
799,235.41798
800,771.303
801,1484.2958
802,0.0
803,1017.9083
804,1178.4904
805,359.40475
806,1448.6831
807,212.57812
808,401.41397
809,257.15134
810,0.0
811,311.02548
812,2125.0715
813,306.87967
814,249.72746
815,729.1872
816,514.18933
817,582.2937
818,225.37292
819,615.768
820,299.28738
821,593.90796
822,2063.4526
823,768.52014
824,718.1307
825,314.6396
826,1175.5498
827,178.26138
828,1066.4622
829,615.76935
830,559.58813
831,1906.5931
832,280.53946
833,0.0
834,376.15054
835,1276.0195
836,279.16632
837,0.0
838,610.1201
839,0.0
840,197.64008
841,32.87161
842,253.6113
843,938.57275
844,539.28174
845,176.8584
846,1192.7295
847,627.0005
848,0.0
849,548.4098
850,46.06331
851,636.1203
852,1125.1167
853,1824.5267
854,297.58008
855,1998.3861
856,383.32513
857,799.7267
858,374.96567
859,688.56604
860,2550.8093
861,376.54675
862,304.10828
863,10.096747
864,195.57344
865,2141.6843
866,822.2768
867,0.0
868,3532.5327
869,797.38385
870,430.2661
871,588.5892
872,1079.9299
873,278.25284
874,793.4108
875,320.85672
876,437.64496
877,221.31851
878,970.85065
879,172.44717
880,1119.8198
881,1563.0125
882,783.4661
883,595.2753
884,199.22437
885,390.97385
886,347.86417
887,2053.7979
888,740.0793
889,112.74835
890,0.0
891,373.6356
892,366.7988
893,593.5113
894,584.1973
895,816.2424
896,122.83727
897,717.53815
898,2516.4053
899,640.191
900,264.51083
901,177.13173
902,46.247932
903,392.99988
904,624.9552
905,1251.0432
906,2210.8591
907,444.4497
908,1197.7375
909,411.74835
910,459.1287
911,609.4158
912,0.0
913,1351.1616
914,301.29135
915,537.74976
916,1171.577
917,587.7892
918,1014.33673
919,2168.6218
920,3929.9988
921,1251.5798
922,91.52787
923,159.5102
924,1313.208
925,412.22565
926,1561.8943
927,531.182
928,2668.117
929,256.21463
930,171.83708
931,1607.8978
932,675.9636
933,1580.2833
934,747.7805
935,861.52435
936,227.17783
937,187.01712
938,981.0851
939,1795.1338
940,267.16742
941,432.1666
942,1231.0198
943,124.97146
944,336.11597
945,2126.8547
946,492.2042
947,1855.8955
948,1085.5054
949,177.55063
950,317.5859
951,1059.227
952,544.19806
953,1565.4115
954,520.8724
955,924.24365
956,229.61678
957,2155.9695
958,578.6842
959,948.1527
960,111.30819
961,525.67786
962,617.51337
963,474.57895
964,1413.572
965,0.0
966,976.13544
967,628.32996
968,200.2758
969,0.0
970,1106.5477
971,278.8953
972,1164.5756
973,2071.8174
974,2283.5073
975,383.03235
976,204.13379
977,490.00174
978,41.648243
979,0.0
980,956.9076
981,625.62494
982,368.77097
983,0.0
984,862.2564
985,272.2553
986,189.05519
987,240.19255
988,220.90884
989,411.52567
990,1192.2898
991,6.439332
992,272.06125
993,209.47574
994,0.0
995,3011.2668
996,1217.8771
997,567.5035
998,302.72128
999,348.13412
1000,1916.4265
1001,225.82213
1002,311.15823
1003,279.6561
1004,154.91737
1005,411.06195
1006,658.0286
1007,323.15253
1008,302.6441
1009,2121.8423
1010,0.0
1011,255.38994
1012,486.49966
1013,266.576
1014,382.53656
1015,319.1491
1016,858.8451
1017,351.31372
1018,723.4103
1019,372.66464
1020,130.81459
1021,1617.3055
1022,1644.2578
1023,894.7843
1024,703.22437
1025,1101.7681
1026,717.91394
1027,619.7074
1028,178.86015
1029,274.12527
1030,0.0
1031,486.9905
1032,213.8202
1033,0.0
1034,200.1374
1035,3171.335
1036,794.33215
1037,1367.1255
1038,675.0511
1039,1799.4559
1040,268.1325
1041,249.36142
1042,1207.2701
1043,538.3565
1044,228.29497
1045,767.2396
1046,383.85236
1047,344.32037
1048,1551.632
1049,0.0
1050,1274.0522
1051,308.46188
1052,687.5037
1053,162.11557
1054,977.56683
1055,637.6588
1056,238.69614
1057,291.0372
1058,1276.3892
1059,260.9233
1060,667.6069
1061,700.5194
1062,412.66977
1063,1050.4531
1064,347.41306
1065,22.939463
1066,374.90488
1067,1378.6112
1068,299.74072
1069,617.7782
1070,477.37128
1071,936.9922
1072,350.1614
1073,0.0
1074,374.47864
1075,241.36865
1076,0.0
1077,162.02731
1078,562.68054
1079,960.2423
1080,618.8182
1081,284.11362
1082,312.6879
1083,220.55286
1084,613.17816
1085,628.2488
1086,131.59795
1087,496.19266
1088,850.61414
1089,1056.888
1090,1395.5414
1091,1968.9578
1092,786.6358
1093,791.38654
1094,0.0
1095,386.73676
1096,324.93442
1097,442.53015
1098,2710.4824
1099,222.31104
1100,872.0407
1101,760.3563
1102,0.0
1103,421.69577
1104,1122.9543
1105,195.31825
1106,156.5884
1107,341.30417
1108,187.00146
1109,0.0
1110,346.46542
1111,1243.185
1112,95.06967
1113,175.79152
1114,885.5668
1115,715.9721
1116,215.71072
1117,1075.0719
1118,641.03815
1119,215.10849
1120,905.53174
1121,254.27812
1122,38.659294
1123,466.31955
1124,137.37315
1125,206.30049
1126,264.99356
1127,111.35586
1128,1227.5406
1129,0.0
1130,832.8052
1131,180.09311
1132,195.71918
1133,245.59082
1134,1039.8822
1135,3615.7073
1136,227.86806
1137,1311.5685
1138,1211.4401
1139,1040.1799
1140,75.39244
1141,236.28088
1142,389.5852
1143,0.0
1144,461.72583
1145,271.75452
1146,469.8021
1147,1716.8853
1148,0.0
1149,0.0
1150,183.92535
1151,1296.7738
1152,290.7377
1153,532.8895
1154,1170.312
1155,35.86212
1156,1538.4647
1157,0.0
1158,235.97496
1159,381.74496
1160,260.9233
1161,587.5099
1162,0.0
1163,591.5416
1164,810.54474
1165,500.65115
1166,970.05493
1167,778.2712
1168,1692.9883
1169,0.0
1170,199.07462
1171,255.8046
1172,927.17194
1173,458.55328
1174,303.5994
1175,0.0
1176,572.4804
1177,248.13478
1178,325.49152
1179,300.90656
1180,0.0
1181,353.46576
1182,843.0302
1183,210.75235
1184,292.39532
1185,602.7294
1186,293.8715
1187,466.13968
1188,800.5364
1189,0.0
1190,377.5301
1191,576.18066
1192,213.42056
1193,0.0
1194,0.0
1195,1711.2366
1196,776.51373
1197,461.71234
1198,394.35886
1199,2330.8398
1200,616.77704
1201,208.02525
1202,639.92725
1203,852.5676
1204,107.48932
1205,260.9233
1206,430.30612
1207,120.869965
1208,1328.4769
1209,1476.9521
1210,302.83862
1211,0.0
1212,234.6463
1213,514.2773
1214,992.0524
1215,263.1437
1216,1023.2756
1217,346.40924
1218,306.54208
1219,947.40875
1220,729.8728
1221,920.54224
1222,388.25348
1223,373.35837
1224,990.37115
1225,815.3084
1226,0.0
1227,858.7217
1228,235.85783
1229,865.2673
1230,1440.593
1231,649.4899
1232,299.91357
1233,0.0
1234,855.95135
1235,388.89804
1236,1193.7408
1237,917.3917
1238,458.58765
1239,890.36444
1240,410.13858
1241,419.32285
1242,347.49203
1243,957.9936
1244,434.5941
1245,676.6321
1246,0.0
1247,408.37906
1248,889.0622
1249,243.19025
1250,593.99805
1251,846.04785
1252,112.278404
1253,0.0
1254,214.06004
1255,339.71445
1256,623.6544
1257,651.7407
1258,316.95352
1259,268.27945
1260,1075.8075
1261,484.28616
1262,0.0
1263,1116.9692
1264,1566.68
1265,58.093983
1266,822.6402
1267,2623.6223
1268,168.85625
1269,695.29584
1270,195.13695
1271,685.8894
1272,2127.9294
1273,0.0
1274,256.21594
1275,0.0
1276,196.72739
1277,208.31996
1278,1266.6476
1279,432.66528
1280,0.0
1281,1333.8588
1282,125.259605
1283,395.87274
1284,380.05307
1285,789.9628
1286,27.128962
1287,986.30524
1288,633.1259
1289,85.2596
1290,969.1818
1291,116.5084
1292,0.0
1293,995.4251
1294,938.33124
1295,375.2386
1296,263.79782
1297,683.40607
1298,649.6695
1299,611.10406
1300,1111.6985
1301,505.28995
1302,1144.8513
1303,255.2613
1304,384.45367
1305,617.1803
1306,565.6483
1307,0.0
1308,350.82944
1309,1097.2125
1310,0.0
1311,0.0
1312,454.27948
1313,213.55545
1314,2104.8289
1315,2432.1973
1316,0.0
1317,807.8523
1318,370.31964
1319,0.0
1320,137.29991
1321,728.20074
1322,0.0
1323,1738.886
1324,2712.72
1325,545.53577
1326,343.59805
1327,217.12566
1328,183.08147
1329,1701.8074
1330,807.356
1331,388.41397
1332,130.72083
1333,155.1528
1334,255.81924
1335,1873.3953
1336,0.0
1337,149.7268
1338,1341.9603
1339,879.57605
1340,93.37844
1341,346.21396
1342,760.3961
1343,0.0
1344,719.1925
1345,104.04123
1346,1147.1685
1347,537.975
1348,850.375
1349,94.31856
1350,383.62735
1351,2607.605
1352,340.39938
1353,518.7177
1354,0.0
1355,290.92987
1356,842.49097
1357,94.00966
1358,504.39297
1359,239.00887
1360,191.77826
1361,428.34625
1362,586.2991
1363,1271.4791
1364,923.3418
1365,257.65247
1366,150.60881
1367,520.4186
1368,350.16864
1369,124.06632
1370,502.50635
1371,605.31287
1372,630.34595
1373,909.93365
1374,2472.6868
1375,0.0
1376,152.99829
1377,288.1311
1378,5287.455
1379,794.73956
1380,206.50247
1381,816.3137
1382,202.35771
1383,1543.043
1384,2795.3237
1385,193.55284
1386,0.0
1387,949.55475
1388,703.0794
1389,222.18367
1390,649.36536
1391,0.0
1392,372.80722
1393,56.87611
1394,992.6817
1395,1708.7427
1396,217.12566
1397,249.72746
1398,249.72746
1399,1204.4519
1400,571.7571
1401,856.1172
1402,456.7907
1403,380.67557
1404,91.62059
1405,257.94452
1406,296.01633
1407,500.3339
1408,41.551125
1409,1367.7668
1410,1100.341
1411,340.58392
1412,2257.3975
1413,564.7305
1414,279.70825
1415,386.70987
1416,245.43236
1417,707.8805
1418,2270.5322
1419,776.5226
1420,2407.9275
1421,248.82333
1422,1062.444
1423,824.9746
1424,587.7028
1425,186.83253
1426,1704.3701
1427,198.07259
1428,1970.9866
1429,524.5662
1430,918.4565
1431,658.8367
1432,4863.2
1433,353.74188
1434,705.61346
1435,204.74905
1436,3240.5122
1437,71.07308
1438,264.11298
1439,358.33896
1440,406.64145
1441,751.6472
1442,182.83481
1443,1079.9849
1444,251.62672
1445,400.2952
1446,193.33626
1447,882.0615
1448,816.4088
1449,2114.289
1450,260.7379
1451,536.22424
1452,260.9233
1453,250.99298
1454,641.4815
1455,597.8337
1456,547.2234
1457,418.30896
1458,609.3763
1459,1082.2405
1460,400.8127
1461,1485.346
1462,1742.672
1463,316.75452
1464,524.238
1465,523.602
1466,1642.7183
1467,726.55493
1468,3738.7908
1469,248.82445
1470,912.1739
1471,584.2796
1472,0.0
1473,813.4087
1474,1500.8763
1475,120.68331
1476,285.3913
1477,1836.3665
1478,381.0449
1479,0.0
1480,363.11865
1481,492.576
1482,102.65192
1483,1468.4186
1484,254.79807
1485,1851.4481
1486,408.07492
1487,796.98303
1488,412.6428
1489,0.0
1490,951.1651
1491,370.24258
1492,367.6858
1493,722.77844
1494,0.0
1495,381.41696
1496,0.0
1497,221.03319
1498,2431.7068
1499,249.72746
1500,747.08685
1501,474.68558
1502,229.26505
1503,412.44446
1504,302.76538
1505,352.038
1506,0.0
1507,546.2021
1508,3183.803
1509,2724.6062
1510,148.5599
1511,308.95135
1512,564.21295
1513,0.0
1514,806.7332
1515,1279.7632
1516,410.3349
1517,301.39825
1518,819.00543
1519,198.99594
1520,432.5445
1521,0.0
1522,0.0
1523,688.2846
1524,494.25787
1525,728.3347
1526,875.6304
1527,1136.8663
1528,264.76242
1529,0.0
1530,243.13887
1531,161.93991
1532,2282.277
1533,349.75186
1534,629.6161
1535,380.67557
1536,792.8254
1537,1349.888
1538,0.0
1539,297.03864
1540,1378.8474
1541,720.42584
1542,855.03204
1543,2097.0483
1544,447.5627
1545,342.91467
1546,365.57532
1547,1674.4912
1548,455.83786
1549,575.66156
1550,331.75177
1551,579.64056
1552,391.8875
1553,874.2267
1554,321.049
1555,130.72083
1556,0.0
1557,323.19443
1558,378.17896
1559,172.50887
1560,831.9915
1561,274.30957
1562,639.09625
1563,408.06934
1564,409.2878
1565,267.51025
1566,1962.4128
1567,1041.8635
1568,612.9892
1569,355.723
1570,485.6173
1571,379.01984
1572,0.0
1573,697.27405
1574,144.51054
1575,1086.7472
1576,2057.987
1577,291.84454
1578,1174.4933
1579,2338.465
1580,430.07703
1581,289.3635
1582,0.0
1583,391.26398
1584,859.04987
1585,899.8421
1586,537.6421
1587,1048.8123
1588,0.0
1589,876.17377
1590,784.73987
1591,306.69714
1592,371.28455
1593,547.8503
1594,2054.8352
1595,246.35048
1596,594.247
1597,181.0593
1598,537.8753
1599,649.39606
1600,174.68082
1601,1422.1676
1602,202.82933
1603,1031.3768
1604,1996.7495
1605,0.0
1606,2827.716
1607,732.8145
1608,238.59612
1609,704.5974
1610,721.69006
1611,488.92303
1612,359.55875
1613,170.01515
1614,1063.4987
1615,717.39276
1616,4687.6143
1617,1488.2365
1618,797.95166
1619,476.16415
1620,595.74304
1621,603.6867
1622,1192.54
1623,1205.8512
1624,352.44406
1625,829.4695
1626,895.6821
1627,1336.8354
1628,0.0
1629,675.9758
1630,836.5892
1631,827.2984
1632,842.45856
1633,190.0013
1634,1155.8196
1635,1285.9541
1636,1338.4065
1637,0.0
1638,386.08478
1639,1929.3757
1640,345.3657
1641,209.52911
1642,217.12566
1643,0.0
1644,308.57083
1645,220.36465
1646,613.7511
1647,325.59857
1648,213.71321
1649,525.06195
1650,771.8873
1651,378.49686
1652,499.34387
1653,709.3848
1654,381.9385
1655,640.5597
1656,188.47762
1657,113.09171
1658,1942.1321
1659,213.00273
1660,1210.3282
1661,645.7169
1662,1043.0616
1663,1167.2776
1664,866.0162
1665,578.5394
1666,200.1193
1667,61.736126
1668,318.4756
1669,0.0
1670,326.34042
1671,427.71808
1672,511.74014
1673,329.88132
1674,965.253
1675,633.8029
1676,87.67566
1677,1117.2578
1678,956.9094
1679,559.63196
1680,637.6588
1681,268.2022
1682,1000.4419
1683,529.6684
1684,359.68842
1685,322.3966
1686,145.57185
1687,400.7618
1688,390.8757
1689,607.47784
1690,579.71686
1691,1900.1534
1692,1128.6699
1693,161.61876
1694,534.96643
1695,423.16922
1696,0.0
1697,2249.3452
1698,0.0
1699,194.9502
1700,623.37396
1701,353.44608
1702,236.79675
1703,269.4303
1704,168.54877
1705,0.0
1706,167.24022
1707,522.8941
1708,262.80612
1709,438.16455
1710,0.0
1711,491.89932
1712,215.79532
1713,645.4626
1714,0.0
1715,1799.2744
1716,754.131
1717,419.60477
1718,2358.2651
1719,0.0
1720,0.0
1721,0.0
1722,711.258
1723,73.15474
1724,937.67285
1725,0.0
1726,223.88945
1727,185.95169
1728,279.24228
1729,1833.5516
1730,2114.7805
1731,403.94254
1732,893.5837
1733,274.80518
1734,722.9362
1735,0.0
1736,874.76245
1737,392.3095
1738,789.96375
1739,1518.6064
1740,238.66753
1741,2134.2322
1742,328.75784
1743,368.66925
1744,238.21721
1745,1033.3535
1746,426.2387
1747,297.96942
1748,259.0925
1749,1641.9384
1750,279.70825
1751,1456.9989
1752,452.6423
1753,207.43022
1754,1550.9922
1755,1696.143
1756,205.41104
1757,504.39536
1758,635.94476
1759,482.4196
1760,954.9844
1761,649.8958
1762,130.76303
1763,0.0
1764,502.30048
1765,112.47179
1766,915.132
1767,1169.2949
1768,153.62234
1769,1496.7975
1770,3012.362
1771,472.8387
1772,1198.2799
1773,1147.7885
1774,308.84445
1775,1030.665
1776,883.16785
1777,442.03198
1778,1402.4736
1779,120.28275
1780,161.06984
1781,840.02496
1782,670.77576
1783,505.0377
1784,0.0
1785,0.0
1786,0.0
1787,1075.1624
1788,320.4193
1789,2374.254
1790,672.7043
1791,1842.3704
1792,432.18918
1793,2614.418
1794,2193.0386
1795,0.0
1796,628.4696
1797,295.42664
1798,267.51025
1799,343.00864
1800,858.935
1801,612.5644
1802,382.53656
1803,526.4634
1804,0.0
1805,0.0
1806,372.66187
1807,432.21042
1808,1010.9213
1809,1303.8195
1810,396.1862
1811,954.6051
1812,1027.5876
1813,329.33078
1814,456.09378
1815,798.53735
1816,780.7345
1817,208.31975
1818,0.0
1819,597.35834
1820,786.57574
1821,342.16187
1822,352.52625
1823,195.51477
1824,410.59055
1825,396.0973
1826,832.82245
1827,997.21277
1828,392.31033
1829,142.56781
1830,429.51434
1831,530.71124
1832,306.98956
1833,1014.5059
1834,275.10184
1835,1196.5732
1836,696.4755
1837,285.94315
1838,286.98532
1839,1506.3619
1840,1636.8535
1841,283.70428
1842,253.92746
1843,2462.3933
1844,240.52293
1845,240.07584
1846,1506.3225
1847,0.0
1848,679.8996
1849,709.31213
1850,500.25537
1851,550.15356
1852,6.1898494
1853,496.81128
1854,582.71124
1855,0.0
1856,482.75723
1857,217.101
1858,198.26929
1859,403.79688
1860,485.43677
1861,249.98651
1862,2469.2747
1863,1442.1675
1864,589.92303
1865,476.0626
1866,222.76445
1867,427.94757
1868,501.9731
1869,437.55322
1870,1561.1279
1871,1250.7925
1872,542.1697
1873,0.0
1874,185.87077
1875,2914.6504
1876,515.5412
1877,1268.69
1878,0.0
1879,0.0
1880,519.7127
1881,1088.2117
1882,0.0
1883,135.62033
1884,382.2946
1885,837.0481
1886,1390.3385
1887,592.3049
1888,446.1732
1889,217.12566
1890,235.41937
1891,241.62578
1892,1054.62
1893,0.0
1894,363.30664
1895,362.4303
1896,996.78485
1897,1818.779
1898,243.93277
1899,574.8198
1900,65.799484
1901,509.58463
1902,341.5601
1903,341.50638
1904,0.0
1905,427.16452
1906,74.57709
1907,651.5387
1908,295.24887
1909,1021.9118
1910,246.25735
1911,194.63452
1912,422.44247
1913,233.10417
1914,183.08147
1915,315.29874
1916,617.37506
1917,673.3409
1918,380.103
1919,263.65137
1920,1054.3832
1921,601.94165
1922,4184.447
1923,293.92755
1924,557.00244
1925,249.72746
1926,894.7497
1927,392.67197
1928,0.0
1929,800.7651
1930,37.56102
1931,586.14734
1932,769.53235
1933,155.7587
1934,28.064568
1935,728.4902
1936,371.3458
1937,302.37213
1938,261.1376
1939,181.86963
1940,2516.4873
1941,199.88263
1942,568.1881
1943,0.0
1944,417.215
1945,182.45662
1946,609.3657
1947,1075.7141
1948,1721.9434
1949,212.43849
1950,789.3482
1951,226.80292
1952,257.5178
1953,691.5608
1954,1020.8294
1955,714.80597
1956,1777.4645
1957,529.1948
1958,250.80109
1959,560.87805
1960,345.60443
1961,465.71933
1962,264.23837
1963,217.12566
1964,244.13454
1965,950.5588
1966,857.06384
1967,519.8061
1968,354.58298
1969,307.9576
1970,2774.6821
1971,443.66397
1972,0.0
1973,2201.7546
1974,0.0
1975,0.0
1976,470.39084
1977,275.9186
1978,636.0946
1979,0.0
1980,337.59637
1981,0.0
1982,0.0
1983,197.27158
1984,451.08987
1985,1828.666
1986,480.7844
1987,697.4773
1988,1091.9465
1989,358.46756
1990,467.74103
1991,419.84796
1992,301.9234
1993,365.86664
1994,67.057144
1995,0.0
1996,381.21805
1997,613.2817
1998,310.45676
1999,747.7543
2000,3184.3186
2001,341.6519
2002,883.7839
2003,2259.7334
2004,260.9233
2005,1414.975
2006,821.41864
2007,649.4276
2008,193.2823
2009,336.72482
2010,485.8984
2011,909.1828
2012,1003.4794
2013,0.0
2014,144.33864
2015,546.933
2016,1214.9418
2017,1765.4133
2018,661.34534
2019,2477.2024
2020,305.38046
2021,518.27075
2022,385.63193
2023,1224.0642
2024,1077.7821
2025,153.71898
2026,839.19403
2027,755.7893
2028,515.51807
2029,1412.7659
2030,818.61115
2031,938.8246
2032,297.95312
2033,767.985
2034,293.90256
2035,185.78024
2036,205.04723
2037,554.33093
2038,67.9847
2039,392.78387
2040,962.5888
2041,692.4583
2042,901.00275
2043,736.7255
2044,2525.7627
2045,631.3336
2046,202.02959
2047,604.1589
2048,367.97217
2049,1552.0977
2050,906.155
2051,1657.7295
2052,228.11646
2053,497.20288
2054,642.3855
2055,814.5003
2056,336.8421
2057,368.04922
2058,707.68567
2059,171.57814
2060,309.05466
2061,755.50116
2062,331.74478
2063,682.0117
2064,586.83685
2065,1149.4585
2066,686.5824
2067,0.0
2068,340.2531
2069,337.13565
2070,673.8516
2071,438.04086
2072,423.79358
2073,0.0
2074,895.68243
2075,0.0
2076,203.27771
2077,472.6547
2078,217.12566
2079,34.17121
2080,590.75104
2081,0.0
2082,288.21115
2083,1252.9037
2084,1831.2693
2085,106.056725
2086,0.0
2087,825.42786
2088,441.35184
2089,648.32245
2090,309.06665
2091,0.0
2092,379.37112
2093,1177.8319
2094,1525.0138
2095,445.51007
2096,445.53897
2097,650.8096
2098,630.2686
2099,634.2131
2100,483.35382
2101,614.7466
2102,609.417
2103,975.48047
2104,447.9841
2105,235.97638
2106,355.26202
2107,945.49744
2108,544.87286
2109,334.34995
2110,461.46683
2111,636.3979
2112,1688.6383
2113,194.74881
2114,688.0265
2115,305.66486
2116,453.84952
2117,273.9335
2118,379.89417
2119,130.72083
2120,1096.9929
2121,313.92023
2122,3309.1812
2123,1462.069
2124,1110.0339
2125,0.0
2126,0.0
2127,2171.226
2128,935.041
2129,1082.8444
2130,1002.661
2131,813.1385
2132,352.90033
2133,1235.0753
2134,849.2814
2135,833.8723
2136,1862.7632
2137,227.5871
2138,684.7407
2139,476.85242
2140,801.1286
2141,646.3956
2142,458.97498
2143,551.91907
2144,758.912
2145,198.03839
2146,2133.6829
2147,455.1278
2148,810.3368
2149,541.5
2150,68.110245
2151,1815.2692
2152,1139.3186
2153,1202.9789
2154,280.58322
2155,232.29921
2156,581.49396
2157,949.5874
2158,536.5808
2159,243.1955
2160,76.83476
2161,466.6117
2162,660.8629
2163,0.0
2164,328.62677
2165,1236.6804
2166,250.30879
2167,866.5923
2168,214.44482
2169,660.95087
2170,0.0
2171,214.59473
2172,249.72746
2173,570.3087
2174,617.6485
2175,0.0
2176,484.29965
2177,902.3971
2178,0.0
2179,1119.6097
2180,219.04205
2181,490.22375
2182,1040.0145
2183,309.34134
2184,666.3263
2185,155.40479
2186,1695.0848
2187,249.72746
2188,786.7058
2189,466.14185
2190,288.47858
2191,276.93634
2192,850.1449
2193,1466.125
2194,1764.2748
2195,437.03085
2196,381.45288
2197,631.20996
2198,482.1007
2199,652.9607
2200,582.9852
2201,1480.3046
2202,2587.9626
2203,258.9041
2204,357.31204
2205,619.4275
2206,842.76276
2207,187.72913
2208,352.88907
2209,183.59424
2210,407.90878
2211,172.18242
2212,1194.5107
2213,436.55722
2214,931.89923
2215,754.5593
2216,163.59227
2217,634.03687
2218,167.17786
2219,191.12157
2220,696.3511
2221,121.55088
2222,677.5173
2223,0.0
2224,555.5735
2225,676.4789
2226,428.01813
2227,691.5991
2228,701.24493
2229,1030.5472
2230,243.57399
2231,415.55777
2232,295.1819
2233,335.41403
2234,274.79883
2235,1721.5767
2236,0.0
2237,299.42023
2238,337.91498
2239,286.78857
2240,272.65118
2241,359.74704
2242,582.2487
2243,545.78143
2244,163.39084
2245,211.57124
2246,401.21362
2247,593.42
2248,1862.9578
2249,757.9234
2250,2265.7761
2251,207.93965
2252,967.97156
2253,567.8687
2254,657.5513
2255,484.9103
2256,1193.8029
2257,221.98053
2258,0.0
2259,754.967
2260,578.5936
2261,741.3292
2262,1544.9023
2263,1115.343
2264,538.9943
2265,0.0
2266,53.817276
2267,1981.4044
2268,0.0
2269,1131.3668
2270,752.1963
2271,902.23
2272,138.96269
2273,350.8419
2274,0.0
2275,224.2718
2276,1052.5338
2277,711.4309
2278,538.54004
2279,870.19727
2280,455.82608
2281,196.05951
2282,435.77567
2283,443.2688
2284,314.11624
2285,706.09595
2286,265.51047
2287,1702.4238
2288,609.4099
2289,124.92551
2290,345.85864
2291,179.72926
2292,265.03806
2293,861.47217
2294,970.42395
2295,566.29553
2296,229.37675
2297,191.18416
2298,856.2369
2299,452.0745
2300,686.1965
2301,664.3639
2302,762.72
2303,0.0
2304,1453.6191
2305,0.0
2306,1124.7402
2307,356.83774
2308,460.2594
2309,250.30507
2310,424.05063
2311,239.50221
2312,360.27805
2313,483.822
2314,98.52668
2315,191.77345
2316,1169.6106
2317,260.9233
2318,298.8828
2319,787.52637
2320,1953.8048
2321,839.503
2322,698.7168
2323,98.24116
2324,986.3864
2325,2045.32
2326,1301.2764
2327,343.58456
2328,203.08214
2329,658.7064
2330,415.71103
2331,1360.2717
2332,646.24146
2333,531.49493
2334,560.9403
2335,380.67557
2336,0.0
2337,233.89722
2338,3443.91
2339,193.86218
2340,1021.2097
2341,297.3422
2342,373.5027
2343,214.68849
2344,305.73236
2345,317.75208
2346,429.9634
2347,1203.9138
2348,1426.4043
2349,4400.051
2350,0.0
2351,0.0
2352,388.87836
2353,458.56894
2354,0.0
2355,2382.1653
2356,876.4739
2357,449.88766
2358,936.709
2359,533.3365
2360,132.82397
2361,2708.6035
2362,559.82465
2363,1254.4861
2364,112.39929
2365,1076.7545
2366,440.86478
2367,446.70276
2368,261.7819
2369,652.6499
2370,437.3701
2371,225.15038
2372,0.0
2373,0.0
2374,1889.9143
2375,269.2676
2376,372.17044
2377,310.48785
2378,525.9447
2379,265.6873
2380,0.0
2381,599.51587
2382,0.0
2383,384.3292
2384,491.24576
2385,0.0
2386,986.54834
2387,707.1411
2388,0.0
2389,0.0
2390,831.0636
2391,0.0
2392,484.1561
2393,413.26813
2394,276.31976
2395,325.60825
2396,641.5479
2397,0.0
2398,193.78854
2399,1124.0575
2400,57.48583
2401,1558.572
2402,528.7924
2403,393.09964
2404,842.7639
2405,963.83856
2406,124.11628
2407,73.39356
2408,1869.9998
2409,447.18967
2410,713.0774
2411,253.97635
2412,429.48172
2413,1533.077
2414,1133.2837
2415,1122.0134
2416,362.44525
2417,251.85527
2418,443.18652
2419,209.42645
2420,264.0141
2421,755.01544
2422,426.98376
2423,288.7136
2424,354.49997
2425,1730.3779
2426,1520.2621
2427,0.0
2428,907.32446
2429,491.6341
2430,91.004555
2431,282.76648
2432,425.08313
2433,406.96674
2434,766.78143
2435,380.05472
2436,117.6762
2437,1160.844
2438,1871.0079
2439,256.3262
2440,547.1501
2441,0.0
2442,774.5491
2443,332.72556
2444,2608.521
2445,1824.3018
2446,710.1816
2447,278.72296
2448,66.85609
2449,171.92072
2450,988.03864
2451,1570.4586
2452,106.85185
2453,0.0
2454,1696.9072
2455,573.2907
2456,684.7857
2457,0.0
2458,603.8854
2459,428.3867
2460,859.79315
2461,141.78174
2462,267.90927
2463,371.70203
2464,195.78387
2465,167.70093
2466,594.43475
2467,0.0
2468,482.89752
2469,372.71945
2470,1362.0173
2471,373.58075
2472,0.0
2473,520.11316
2474,494.3888
2475,228.5978
2476,590.85785
2477,1265.5234
2478,280.58322
2479,382.165
2480,1290.9348
2481,496.03455
2482,2293.5112
2483,207.2136
2484,804.34076
2485,824.8702
2486,1059.11
2487,0.0
2488,444.4024
2489,684.89435
2490,195.06642
2491,226.63864
2492,403.0265
2493,648.76465
2494,1657.5306
2495,475.65652
2496,432.21042
2497,567.16095
2498,0.0
2499,350.5071
2500,522.1845
2501,889.3619
2502,2545.4402
2503,332.25125
2504,1160.1407
2505,1570.7773
2506,334.81055
2507,652.1314
2508,234.00897
2509,764.6604
2510,24.609398
2511,659.0125
2512,365.42072
2513,476.06088
2514,804.9886
2515,289.25504
2516,578.09375
2517,1282.5645
2518,852.8368
2519,1736.6329
2520,252.72263
2521,1148.6621
2522,478.04623
2523,972.4487
2524,296.09244
2525,449.88617
2526,1065.0669
2527,0.0
2528,1006.5765
2529,254.22664
2530,305.01132
2531,0.0
2532,775.4672
2533,0.0
2534,0.0
2535,1571.491
2536,202.16847
2537,352.36203
2538,1019.5497
2539,1386.0084
2540,1472.6877
2541,1265.5054
2542,1931.893
2543,550.6717
2544,624.8548
2545,1071.9609
2546,1631.8864
2547,288.9599
2548,162.60406
2549,938.30963
2550,1870.3335
2551,2620.8364
2552,0.0
2553,512.2918
2554,679.248
2555,0.0
2556,0.0
2557,332.13705
2558,717.59686
2559,256.00766
2560,463.6652
2561,616.64044
2562,342.64862
2563,247.38019
2564,307.39807
2565,432.8344
2566,479.1221
2567,499.9107
2568,547.65894
2569,0.0
2570,193.94176
2571,427.32477
2572,792.81323
2573,195.18068
2574,1121.6298
2575,393.26422
2576,461.7001
2577,647.29266
2578,868.68146
2579,702.562
2580,247.77109
2581,254.93982
2582,389.5682
2583,396.34436
2584,0.0
2585,2289.5935
2586,1120.8405
2587,680.0555
2588,809.55133
2589,336.47583
2590,627.04974
2591,0.0
2592,78.57019
2593,2810.1062
2594,503.37164
2595,584.3683
2596,445.61646
2597,168.53773
2598,1204.2196
2599,711.4761
2600,249.3974
2601,291.73495
2602,202.47313
2603,0.0
2604,1092.3081
2605,0.0
2606,510.12405
2607,304.8851
2608,294.47653
2609,1419.0895
2610,878.0137
2611,349.72913
2612,0.0
2613,382.289
2614,315.158
2615,183.08147
2616,1403.1228
2617,2142.1719
2618,185.10675
2619,1435.2439
2620,183.08147
2621,339.3957
2622,466.7893
2623,302.41495
2624,0.0
2625,102.99897
2626,212.07022
2627,302.98236
2628,327.29843
2629,1107.4587
2630,56.706425
2631,73.795265
2632,273.8695
2633,129.60518
2634,217.12566
2635,0.0
2636,961.20325
2637,440.61227
2638,106.42249
2639,1689.2454
2640,463.56207
2641,1270.8363
2642,310.06982
2643,601.2959
2644,1151.8099
2645,691.40674
2646,309.26938
2647,934.5092
2648,936.32556
2649,380.67557
2650,1397.319
2651,357.95837
2652,155.7587
2653,418.19327
2654,1348.898
2655,351.65332
2656,248.90074
2657,1195.3909
2658,774.45703
2659,1606.5607
2660,789.7663
2661,921.29675
2662,388.31747
2663,0.0
2664,0.0
2665,278.8151
2666,32.353943
2667,353.88254
2668,318.3903
2669,471.41232
2670,116.5084
2671,277.28873
2672,132.9393
2673,423.36554
2674,343.90524
2675,472.57623
2676,0.0
2677,267.84787
2678,1061.973
2679,978.8945
2680,585.4508
2681,335.25302
2682,2196.4673
2683,286.275
2684,740.8307
2685,294.8656
2686,1362.1016
2687,375.44696
2688,360.89554
2689,1339.9342
2690,594.01074
2691,195.1477
2692,895.6447
2693,903.0238
2694,226.09091
2695,330.45834
2696,1818.8059
2697,1087.3047
2698,657.7137
2699,811.9294
2700,130.72083
2701,552.2904
2702,563.823
2703,1300.6312
2704,0.0
2705,0.0
2706,321.96344
2707,366.7266
2708,637.4827
2709,726.5618
2710,1248.5669
2711,307.65518
2712,607.8135
2713,1045.7333
2714,349.58325
2715,347.76724
2716,279.37427
2717,308.4912
2718,1203.181
2719,620.92163
2720,1244.7473
2721,397.52847
2722,251.20744
2723,294.78375
2724,308.74762
2725,1425.0348
2726,118.71891
2727,270.88412
2728,1419.4865
2729,410.25647
2730,15.7699175
2731,503.22995
2732,773.98627
2733,0.0
2734,1701.7345
2735,1130.2423
2736,140.43185
2737,613.60114
2738,231.28683
2739,280.53946
2740,925.0824
2741,1290.3286
2742,402.69965
2743,1349.2262
2744,1308.0753
2745,212.3568
2746,669.3457
2747,369.2837
2748,1555.6732
2749,17.002542
2750,682.2722
2751,405.28378
2752,290.2893
2753,294.83557
2754,377.31775
2755,175.73012
2756,1659.4529
2757,79.657234
2758,0.0
2759,413.82162
2760,251.54488
2761,1299.3611
2762,133.30931
2763,282.95935
2764,512.5525
2765,0.0
2766,1232.8022
2767,250.2449
2768,0.0
2769,422.29346
2770,264.9448
2771,531.18854
2772,65.00469
2773,555.34814
2774,910.5747
2775,225.79453
2776,703.4215
2777,835.658
2778,634.5174
2779,507.74277
2780,830.204
2781,552.67596
2782,864.0024
2783,1339.7291
2784,406.05737
2785,0.0
2786,506.7262
2787,211.57124
2788,199.45378
2789,1147.2548
2790,354.77094
2791,1124.3093
2792,238.46889
2793,306.22186
2794,316.5888
2795,722.60785
2796,737.4998
2797,1420.4833
2798,947.8362
2799,635.9739
2800,714.2183
2801,873.8359
2802,744.05566
2803,807.80695
2804,813.4723
2805,706.3851
2806,330.47467
2807,330.33557
2808,97.833145
2809,1070.5021
2810,129.67775
2811,1035.4296
2812,260.9233
2813,381.85394
2814,562.31946
2815,1436.9812
2816,0.0
2817,205.847
2818,250.92049
2819,378.66794
2820,8599.573
2821,185.95451
2822,519.73553
2823,523.423
2824,175.87291
2825,326.12668
2826,1113.0522
2827,323.01425
2828,454.94742
2829,119.08503
2830,0.0
2831,644.02954
2832,275.23016
2833,1282.2812
2834,1609.5674
2835,118.75601
2836,974.8826
2837,0.0
2838,702.5252
2839,308.34964
2840,948.5862
2841,193.97868
2842,0.0
2843,866.7555
2844,883.5686
2845,1008.9989
2846,514.91766
2847,228.61467
2848,778.63336
2849,737.11774
2850,1471.3293
2851,620.9925
2852,500.1065
2853,250.59404
2854,339.3957
2855,396.72205
2856,288.4693
2857,707.4371
2858,225.68515
2859,1029.5492
2860,198.82565
2861,592.5259
2862,413.9538
2863,240.36607
2864,502.0687
2865,604.64075
2866,160.21745
2867,1767.2297
2868,228.0589
2869,232.50157
2870,543.20215
2871,378.8881
2872,1583.3744
2873,0.0
2874,1635.9326
2875,202.18416
2876,1180.1187
2877,603.95056
2878,724.75195
2879,448.9842
2880,103.64553
2881,160.49678
2882,882.4378
2883,183.08147
2884,0.0
2885,284.91797
2886,285.39954
2887,282.66522
2888,262.23416
2889,1226.4794
2890,509.18878
2891,1033.3737
2892,0.0
2893,0.0
2894,0.0
2895,717.81866
2896,351.13007
2897,2500.6296
2898,661.7705
2899,483.0975
2900,141.86444
2901,861.77124
2902,836.0155
2903,217.12566
2904,290.71777
2905,544.3249
2906,1519.9279
2907,845.2318
2908,1665.4197
2909,184.71217
2910,476.05225
2911,682.6695
2912,864.09973
2913,3489.2756
2914,0.0
2915,311.4024
2916,134.376
2917,1031.869
2918,1582.6941
2919,737.7304
2920,231.95612
2921,909.1558
2922,44.40278
2923,210.11183
2924,265.24347
2925,1865.7068
2926,358.5492
2927,161.06984
2928,1934.7557
2929,196.2435
2930,1412.4817
2931,1416.463
2932,399.44037
2933,326.23538
2934,302.0622
2935,289.89532
2936,478.7518
2937,397.10217
2938,1124.9724
2939,1406.2715
2940,324.29218
2941,1355.45
2942,1332.901
2943,894.31854
2944,513.1505
2945,114.511826
2946,3300.3994
2947,525.8058
2948,1267.1063
2949,0.0
2950,237.40196
2951,318.9224
2952,609.8901
2953,703.54944
2954,321.04425
2955,892.96936
2956,278.30988
2957,214.06004
2958,1690.923
2959,1508.7386
2960,181.33203
2961,636.0705
2962,1513.9795
2963,1656.3564
2964,1340.4496
2965,339.3957
2966,260.9233
2967,341.90543
2968,384.46136
2969,2841.787
2970,213.77763
2971,715.63495
2972,0.0
2973,309.2255
2974,247.69852
2975,219.43272
2976,679.2225
2977,1401.7223
2978,245.44379
2979,523.9253
2980,286.93246
2981,342.29272
2982,441.44205
2983,353.79507
2984,183.08147
2985,851.00146
2986,267.51025
2987,1021.64636
2988,388.15863
2989,2861.4722
2990,549.0977
2991,0.0
2992,1055.8966
2993,1128.6705
2994,304.5627
2995,1446.7167
2996,1978.8306
2997,707.1264
2998,431.82224
2999,103.10611
3000,2635.3982
3001,609.3179
3002,457.7812
3003,585.2803
3004,909.1457
3005,198.29797
3006,236.56937
3007,265.82965
3008,304.83408
3009,223.23589
3010,431.85904
3011,359.843
3012,279.04593
3013,499.97665
3014,436.436
3015,2813.8835
3016,663.5184
3017,350.48276
3018,249.72746
3019,124.97146
3020,1412.7391
3021,300.88312
3022,161.52708
3023,1057.6588
3024,157.34532
3025,890.71875
3026,214.65807
3027,597.039
3028,2293.1648
3029,777.25323
3030,33.133366
3031,178.95984
3032,354.00644
3033,121.86995
3034,486.9427
3035,820.7518
3036,1326.0183
3037,0.0
3038,393.7502
3039,197.79099
3040,566.50946
3041,2592.5637
3042,714.0972
3043,500.92325
3044,1027.9854
3045,116.827545
3046,1047.6774
3047,616.6549
3048,315.05228
3049,1358.9889
3050,730.4358
3051,737.6516
3052,264.59875
3053,0.0
3054,349.5527
3055,483.28705
3056,190.0084
3057,237.61758
3058,595.1411
3059,791.27686
3060,632.72504
3061,276.0127
3062,1878.058
3063,4303.4106
3064,199.35356
3065,0.0
3066,769.80457
3067,1203.2155
3068,708.72186
3069,356.4006
3070,1983.0149
3071,1079.7408
3072,465.09518
3073,228.0589
3074,421.65375
3075,166.4106
3076,1141.8706
3077,1070.7491
3078,0.0
3079,0.0
3080,1836.3556
3081,539.9688
3082,369.66876
3083,1022.56177
3084,181.06354
3085,183.08147
3086,880.36237
3087,1250.6414
3088,335.69983
3089,1041.2175
3090,137.10269
3091,0.0
3092,523.8977
3093,1474.5021
3094,606.2101
3095,1910.6677
3096,160.81223
3097,316.7372
3098,359.4674
3099,431.20526
3100,3053.2295
3101,697.3259
3102,748.8321
3103,0.0
3104,392.40143
3105,624.7611
3106,1213.0931
3107,1300.9148
3108,0.0
3109,0.0
3110,170.2592
3111,599.35254
3112,178.20845
3113,0.0
3114,0.0
3115,318.9074
3116,491.48978
3117,410.16266
3118,950.27783
3119,1642.1608
3120,202.60652
3121,127.33361
3122,232.88356
3123,717.10333
3124,1651.71
3125,1447.9932
3126,0.0
3127,386.38742
3128,1512.3859
3129,2634.8972
3130,301.16956
3131,159.19244
3132,3697.1
3133,742.85803
3134,2385.3152
3135,287.46518
3136,276.06808
3137,685.59076
3138,1315.7952
3139,926.271
3140,347.9112
3141,1415.2634
3142,735.2297
3143,300.74075
3144,567.15894
3145,3051.8816
3146,94.36587
3147,218.18633
3148,700.41296
3149,1477.1588
3150,4164.7456
3151,775.7888
3152,1198.1837
3153,0.0
3154,788.6346
3155,1129.1293
3156,466.47766
3157,84.82101
3158,102.9055
3159,536.2962
3160,1378.0923
3161,3864.4438
3162,190.76424
3163,323.05457
3164,787.1406
3165,1269.1199
3166,348.45404
3167,26.911627
3168,395.76382
3169,553.184
3170,370.83194
3171,224.81514
3172,6.9724956
3173,633.5202
3174,361.80087
3175,261.82147
3176,543.0837
3177,302.13367
3178,198.4605
3179,1405.9761
3180,320.02762
3181,1515.1681
3182,249.67032
3183,101.361755
3184,1644.4491
3185,1579.007
3186,277.14545
3187,1289.5974
3188,240.72607
3189,352.1099
3190,417.35022
3191,233.01927
3192,73.79824
3193,299.95374
3194,902.06647
3195,1174.6323
3196,1478.7399
3197,195.17693
3198,1534.452
3199,387.05237
3200,370.4709
3201,2451.127
3202,705.50916
3203,274.98694
3204,260.90237
3205,518.8117
3206,222.45737
3207,338.0196
3208,1240.7281
3209,1789.892
3210,1569.2611
3211,996.3908
3212,906.32214
3213,1047.9183
3214,345.61923
3215,154.75693
3216,754.3653
3217,964.00037
3218,165.4441
3219,717.8552
3220,855.56793
3221,1906.9233
3222,196.99605
3223,265.38144
3224,231.77234
3225,1652.0432
3226,981.27405
3227,925.9978
3228,258.60867
3229,677.99615
3230,253.45111
3231,2240.146
3232,130.72083
3233,2253.1987
3234,663.3844
3235,0.0
3236,596.9468
3237,518.917
3238,642.0812
3239,1590.414
3240,372.3827
3241,528.51605
3242,1041.8635
3243,2222.6272
3244,546.99615
3245,420.9371
3246,2527.5957
3247,778.1186
3248,217.11284
3249,170.52011
3250,588.192
3251,552.3277
3252,1891.6261
3253,1159.5682
3254,267.84995
3255,418.93915
3256,2647.8828
3257,962.5622
3258,294.77518
3259,592.8617
3260,11861.694
3261,4498.0015
3262,1061.734
3263,270.14688
3264,3610.6357
3265,1317.5283
3266,212.13962
3267,490.02505
3268,70.846344
3269,312.09897
3270,1856.0818
3271,2792.7559
3272,286.74158
3273,138.13646
3274,463.78397
3275,212.61183
3276,980.79144
3277,201.58867
3278,261.86853
3279,1118.5476
3280,141.74283
3281,596.4515
3282,1663.9938
3283,117.88128
3284,282.96637
3285,183.08147
3286,361.10468
3287,294.4907
3288,1706.481
3289,524.04114
3290,110.9595
3291,272.70364
3292,377.8252
3293,92.74104
3294,195.74391
3295,1593.8607
3296,759.24634
3297,683.9285
3298,1643.9808
3299,0.0
3300,197.08084
3301,869.11584
3302,587.6026
3303,359.21893
3304,0.0
3305,739.52
3306,1296.6001
3307,339.3957
3308,313.2391
3309,351.69022
3310,351.4921
3311,775.2038
3312,1161.4011
3313,694.7677
3314,165.04669
3315,580.6496
3316,1818.9353
3317,2557.6072
3318,0.0
3319,2302.098
3320,1656.411
3321,339.75647
3322,2503.6333
3323,892.03015
3324,0.0
3325,497.36768
3326,214.63828
3327,282.36664
3328,0.0
3329,2429.6384
3330,147.42168
3331,1587.8513
3332,0.0
3333,1152.5293
3334,670.47284
3335,903.9268
3336,460.99692
3337,1148.7255
3338,1578.3389
3339,610.66455
3340,815.88025
3341,1048.2896
3342,145.5854
3343,1561.1908
3344,499.01135
3345,1116.7903
3346,433.59644
3347,1503.9995
3348,482.60883
3349,1150.7639
3350,849.8045
3351,982.75214
3352,397.44028
3353,206.407
3354,205.15756
3355,1513.4907
3356,1677.416
3357,542.1302
3358,3461.4163
3359,1060.2959
3360,796.7134
3361,3712.236
3362,256.27066
3363,383.4372
3364,282.90332
3365,712.5437
3366,578.9336
3367,0.0
3368,195.83316
3369,1413.9664
3370,496.82126
3371,699.69525
3372,148.35643
3373,104.78392
3374,773.8808
3375,628.56824
3376,849.4675
3377,275.79865
3378,1897.1284
3379,27.786325
3380,758.9478
3381,0.0
3382,183.08147
3383,362.15582
3384,314.20142
3385,711.8472
3386,320.05444
3387,156.76651
3388,244.61226
3389,276.34607
3390,240.34398
3391,669.56116
3392,305.73404
3393,569.40717
3394,304.27936
3395,302.96735
3396,1092.2166
3397,808.6786
3398,1764.2367
3399,294.50537
3400,347.3886
3401,1822.466
3402,0.0
3403,955.47015
3404,2238.39
3405,1077.5868
3406,509.30396
3407,875.9835
3408,390.00525
3409,872.1317
3410,2314.8708
3411,0.0
3412,217.12566
3413,297.38647
3414,771.7727
3415,0.0
3416,586.426
3417,111.29441
3418,232.15419
3419,649.7526
3420,147.64093
3421,1313.7462
3422,486.04666
3423,47.68854
3424,1591.71
3425,274.9467
3426,0.0
3427,519.7127
3428,648.5501
3429,663.54944
3430,274.3664
3431,561.9432
3432,356.3792
3433,2475.9534
3434,183.08147
3435,1226.1511
3436,386.11694
3437,874.0978
3438,0.0
3439,0.0
3440,317.422
3441,198.28865
3442,5359.1597
3443,2060.567
3444,377.74808
3445,1338.7269
3446,91.06467
3447,388.2618
3448,115.20153
3449,737.7482
3450,250.30507
3451,319.64548
3452,596.33075
3453,0.0
3454,5203.2886
3455,1094.7028
3456,49.686115
3457,198.42995
3458,0.0
3459,903.28815
3460,254.82732
3461,0.0
3462,606.41907
3463,190.92331
3464,453.5046
3465,0.0
3466,0.0
3467,0.0
3468,330.86612
3469,468.11774
3470,117.99851
3471,671.4503
3472,1598.4512
3473,117.05639
3474,393.19284
3475,0.0
3476,1397.8616
3477,194.01176
3478,522.8724
3479,446.2208
3480,583.7084
3481,0.0
3482,113.140434
3483,173.4244
3484,323.96875
3485,328.158
3486,183.08147
3487,353.83963
3488,684.49646
3489,1248.491
3490,313.87268
3491,138.6197
3492,628.0561
3493,532.7141
3494,760.0169
3495,796.3663
3496,0.0
3497,0.0
3498,1178.9935
3499,226.10257
3500,603.86163
3501,643.56445
3502,2043.8938
3503,1103.3672
3504,342.16367
3505,197.20717
3506,267.51025
3507,293.0117
3508,0.0
3509,388.63287
3510,930.9322
3511,1984.4509
3512,130.72083
3513,515.7845
3514,323.4352
3515,323.0218
3516,1751.6521
3517,365.58173
3518,1834.9045
3519,647.63007
3520,810.14575
3521,451.4531
3522,0.0
3523,926.9166
3524,754.41925
3525,2933.1575
3526,675.1767
3527,0.0
3528,318.71066
3529,2991.0598
3530,432.00226
3531,193.45863
3532,564.792
3533,3699.145
3534,1190.409
3535,621.238
3536,117.47243
3537,354.72906
3538,631.6711
3539,570.0896
3540,2456.387
3541,403.61404
3542,1309.7998
3543,337.9111
3544,570.05115
3545,597.4491
3546,1313.8134
3547,765.61334
3548,291.0191
3549,0.0
3550,128.15462
3551,503.75336
3552,257.7715
3553,279.70825
3554,500.87796
3555,463.8403
3556,1334.6053
3557,175.27538
3558,193.63353
3559,3894.132
3560,460.8044
3561,254.75095
3562,20.52689
3563,249.72746
3564,197.52762
3565,2770.1482
3566,647.8527
3567,1759.31
3568,154.45935
3569,152.23732
3570,0.0
3571,253.21765
3572,1572.547
3573,551.548
3574,253.01906
3575,1173.9966
3576,662.53186
3577,189.53117
3578,2032.0615
3579,211.57124
3580,606.0578
3581,813.35535
3582,125.37373
3583,393.0833
3584,633.977
3585,795.8428
3586,583.79596
3587,1493.7517
3588,695.226
3589,156.21765
3590,219.65848
3591,0.0
3592,1409.4404
3593,0.0
3594,4650.181
3595,357.26324
3596,604.80444
3597,285.13745
3598,905.6584
3599,286.89557
3600,3359.23
3601,0.0
3602,240.2507
3603,172.31392
3604,312.2111
3605,1231.414
3606,78.18129
3607,2425.2712
3608,458.5044
3609,840.4169
3610,740.0669
3611,2631.1743
3612,171.40227
3613,2626.127
3614,886.61456
3615,283.27356
3616,943.4122
3617,352.67203
3618,789.5404
3619,808.6535
3620,0.0
3621,993.2496
3622,1092.972
3623,1112.627
3624,1125.1539
3625,1496.0471
3626,1183.527
3627,355.55786
3628,773.1756
3629,0.0
3630,310.4496
3631,0.0
3632,225.37292
3633,143.38934
3634,183.08147
3635,1418.7736
3636,330.21866
3637,489.99966
3638,0.0
3639,217.12566
3640,283.70142
3641,1532.2266
3642,684.0231
3643,666.43677
3644,3170.2698
3645,492.5347
3646,1278.8883
3647,155.97836
3648,1882.8285
3649,194.21684
3650,246.90787
3651,1184.0198
3652,703.04565
3653,253.07106
3654,123.59595
3655,638.9293
3656,280.53946
3657,0.0
3658,119.16453
3659,230.5155
3660,1386.2906
3661,1379.5659
3662,118.007675
3663,525.3594
3664,0.0
3665,740.50195
3666,0.0
3667,1105.1649
3668,81.29092
3669,0.0
3670,328.03827
3671,0.0
3672,0.0
3673,343.50195
3674,695.3913
3675,526.0011
3676,381.9616
3677,1943.4843
3678,2.4534855
3679,1366.596
3680,686.48486
3681,620.2304
3682,664.71875
3683,1765.1241
3684,0.0
3685,19.192266
3686,842.2559
3687,2111.4756
3688,403.74323
3689,667.2567
3690,1544.1274
3691,1237.1273
3692,92.67116
3693,731.39935
3694,278.19662
3695,1040.9011
3696,1736.7263
3697,0.0
3698,397.83344
3699,193.8592
3700,958.8987
3701,423.90808
3702,222.49939
3703,3452.289
3704,336.37955
3705,377.41565
3706,2275.6394
3707,1089.0211
3708,632.7362
3709,464.75598
3710,1379.5085
3711,238.73183
3712,772.22107
3713,1041.774
3714,1661.3567
3715,638.11163
3716,409.0961
3717,0.0
3718,661.93207
3719,214.71632
3720,846.0358
3721,479.365
3722,0.0
3723,313.4895
3724,416.8359
3725,1224.834
3726,116.11922
3727,963.23
3728,2049.0833
3729,192.71364
3730,515.1677
3731,1208.2151
3732,434.5685
3733,1077.5094
3734,2503.9714
3735,920.9975
3736,496.82684
3737,221.50526
3738,974.12415
3739,834.41156
3740,219.73776
3741,0.0
3742,605.36005
3743,352.86725
3744,607.7671
3745,2579.7368
3746,1877.4551
3747,0.0
3748,197.20717
3749,438.87033
3750,284.54138
3751,607.18036
3752,363.11612
3753,309.92352
3754,1068.5809
3755,191.12607
3756,532.472
3757,529.05566
3758,157.70018
3759,309.88516
3760,780.19025
3761,427.6511
3762,643.7181
3763,1914.6531
3764,1177.119
3765,457.40546
3766,1911.2742
3767,137.82912
3768,508.66766
3769,401.2111
3770,1588.3953
3771,208.77713
3772,308.2038
3773,0.0
3774,592.1102
3775,386.31738
3776,2064.2373
3777,1212.7963
3778,1848.3518
3779,0.0
3780,537.65326
3781,1415.6884
3782,235.43307
3783,270.98978
3784,1098.953
3785,569.9666
3786,266.95743
3787,0.0
3788,55.06292
3789,353.23627
3790,588.90765
3791,292.56763
3792,200.90634
3793,1198.9835
3794,116.10849
3795,285.0201
3796,949.7329
3797,2220.5273
3798,0.0
3799,525.97894
3800,1145.1796
3801,852.9775
3802,111.0873
3803,283.33792
3804,306.13312
3805,650.92413
3806,833.65845
3807,267.22482
3808,441.2064
3809,2984.3247
3810,876.3027
3811,2.1436996
3812,1928.7593
3813,1297.5979
3814,605.4442
3815,1143.8743
3816,464.45728
3817,977.55304
3818,1021.40924
3819,220.87721
3820,1727.7114
3821,594.2886
3822,368.85553
3823,1564.5126
3824,279.4933
3825,233.37329
3826,389.51904
3827,593.11414
3828,158.01157
3829,273.57266
3830,1398.1674
3831,599.2052
3832,1329.5454
3833,737.11774
3834,825.81805
3835,235.72693
3836,199.37558
3837,217.02597
3838,798.3034
3839,558.3939
3840,442.38486
3841,496.09467
3842,195.20993
3843,382.76382
3844,620.7885
3845,1559.453
3846,1245.4907
3847,249.40575
3848,256.54727
3849,164.33156
3850,345.0466
3851,892.7246
3852,362.141
3853,484.73044
3854,574.54095
3855,3428.9927
3856,406.16803
3857,718.43713
3858,284.8271
3859,1834.1902
3860,916.1565
3861,183.2123
3862,0.0
3863,350.81274
3864,612.64453
3865,576.5624
3866,397.09164
3867,935.7135
3868,5.5638885
3869,178.9396
3870,183.2123
3871,136.43251
3872,0.0
3873,1510.2267
3874,2599.304
3875,420.6188
3876,194.9021
3877,1117.9852
3878,599.97327
3879,1358.1744
3880,1120.9336
3881,299.30765
3882,183.11174
3883,463.00217
3884,277.0067
3885,871.76105
3886,1543.1809
3887,770.3855
3888,261.78406
3889,161.06984
3890,805.4598
3891,195.03044
3892,1074.4403
3893,1188.7391
3894,3099.866
3895,488.09244
3896,780.873
3897,506.02466
3898,867.34534
3899,231.48233
3900,1303.1122
3901,674.5732
3902,594.0164
3903,392.81772
3904,220.88525
3905,112.60109
3906,997.50757
3907,47.55663
3908,3038.8242
3909,550.97595
3910,580.8518
3911,523.7362
3912,844.06226
3913,296.36734
3914,183.08147
3915,344.09366
3916,0.0
3917,297.00662
3918,50.379654
3919,1699.9751
3920,587.6538
3921,0.0
3922,341.37488
3923,219.90599
3924,350.72266
3925,202.00217
3926,1806.1545
3927,1671.4296
3928,890.7877
3929,726.3518
3930,1180.4376
3931,216.41234
3932,419.1011
3933,313.41666
3934,260.18286
3935,133.50691
3936,200.10864
3937,217.12566
3938,178.19897
3939,1413.8779
3940,370.05566
3941,201.24333
3942,168.42334
3943,2042.9479
3944,0.0
3945,69.24132
3946,251.06656
3947,3470.418
3948,300.72714
3949,286.25192
3950,1123.303
3951,786.7866
3952,692.30884
3953,235.20024
3954,1354.6619
3955,902.45935
3956,366.49585
3957,3607.7634
3958,1317.8159
3959,1463.2023
3960,665.60614
3961,738.6762
3962,241.09015
3963,720.6612
3964,453.61667
3965,197.65904
3966,1324.9302
3967,649.33344
3968,783.7193
3969,0.0
3970,194.5564
3971,406.78867
3972,455.71707
3973,2124.158
3974,252.32883
3975,185.78024
3976,440.2627
3977,240.1899
3978,1080.5623
3979,688.9209
3980,529.3579
3981,1677.8641
3982,432.62616
3983,1418.2404
3984,1068.2289
3985,232.52106
3986,414.48334
3987,817.9876
3988,309.16852
3989,732.27057
3990,187.35646
3991,601.77155
3992,642.3093
3993,1822.4937
3994,1247.3336
3995,1385.0658
3996,248.4077
3997,0.0
3998,943.0042
3999,563.7336
4000,260.9233
4001,110.33567
4002,360.939
4003,0.0
4004,0.0
4005,289.72223
4006,1134.4395
4007,829.6478
4008,543.38806
4009,0.0
4010,642.33167
4011,2031.7313
4012,0.0
4013,723.2672
4014,1844.996
4015,107.22691
4016,195.1536
4017,814.4596
4018,690.98145
4019,1036.4519
4020,967.97156
4021,563.5035
4022,115.17363
4023,0.0
4024,638.0013
4025,194.56583
4026,103.498825
4027,536.614
4028,739.6051
4029,366.1076
4030,380.37003
4031,133.45242
4032,2252.9185
4033,439.41028
4034,2101.0232
4035,3823.1318
4036,719.94336
4037,265.69327
4038,0.0
4039,2069.594
4040,632.0042
4041,419.9745
4042,132.34587
4043,1377.9064
4044,1305.236
4045,1394.4265
4046,1235.4027
4047,875.6884
4048,672.41235
4049,0.0
4050,350.38852
4051,276.24353
4052,389.9839
4053,755.42346
4054,123.449135
4055,199.99417
4056,342.17322
4057,315.29874
4058,716.8354
4059,247.3248
4060,797.52625
4061,2849.8582
4062,2820.5127
4063,1041.6952
4064,323.16135
4065,256.1913
4066,647.27844
4067,904.672
4068,0.0
4069,508.3286
4070,1633.7104
4071,959.17957
4072,1816.5472
4073,821.87787
4074,0.0
4075,1200.7466
4076,0.0
4077,94.15372
4078,0.0
4079,217.20195
4080,1108.2102
4081,165.94695
4082,295.0479
4083,372.04572
4084,179.62268
4085,363.7456
4086,153.3696
4087,1284.0739
4088,689.9298
4089,471.5248
4090,355.50638
4091,0.0
4092,468.71796
4093,858.01996
4094,0.0
4095,250.08441
4096,0.0
4097,163.36703
4098,183.2123
4099,275.16132
4100,1546.2368
4101,1682.3566
4102,219.64687
4103,1004.4628
4104,241.58911
4105,1183.0693
4106,364.65906
4107,261.65167
4108,898.32263
4109,0.0
4110,722.746
4111,603.13257
4112,3461.2253
4113,0.0
4114,264.7988
4115,1161.533
4116,4467.086
4117,133.37524
4118,379.85675
4119,52.371044
4120,114.309845
4121,1177.478
4122,715.7223
4123,1732.6528
4124,595.4604
4125,72.42048
4126,1064.3845
4127,374.4041
4128,999.42145
4129,2742.274
4130,418.85153
4131,263.80872
4132,571.914
4133,197.95602
4134,0.0
4135,1548.3463
4136,519.0095
4137,722.1385
4138,298.85895
4139,498.77255
4140,1102.4277
4141,721.78827
4142,4.7521667
4143,723.78577
4144,218.04816
4145,789.6211
4146,790.8825
4147,666.1243
4148,337.42987
4149,0.0
4150,2996.4873
4151,3160.814
4152,730.1397
4153,430.47397
4154,1227.0411
4155,263.77008
4156,64.99635
4157,0.0
4158,568.20807
4159,605.7039
4160,60.45377
4161,0.0
4162,2025.8815
4163,2122.1921
4164,650.563
4165,1457.0758
4166,33.29003
4167,137.18379
4168,1608.2054
4169,491.22394
4170,855.2581
4171,436.09277
4172,258.56497
4173,115.750916
4174,178.50084
4175,340.7438
4176,632.1351
4177,0.0
4178,457.70557
4179,1287.8912
4180,198.3572
4181,478.77872
4182,165.07698
4183,514.896
4184,184.50436
4185,183.2123
4186,387.82565
4187,537.3691
4188,534.59357
4189,1180.8646
4190,1693.0157
4191,431.51633
4192,686.3035
4193,286.0539
4194,296.6299
4195,178.0597
4196,0.0
4197,323.03156
4198,413.36737
4199,2709.8518
4200,270.96176
4201,46.580097
4202,114.58
4203,412.253
4204,174.46304
4205,314.45438
4206,2996.6306
4207,348.90204
4208,609.9741
4209,551.8243
4210,806.46814
4211,0.0
4212,590.9524
4213,754.39813
4214,519.8684
4215,243.28752
4216,865.19775
4217,1362.2643
4218,477.44705
4219,1137.3579
4220,0.0
4221,713.22394
4222,1259.4226
4223,525.514
4224,321.03763
4225,365.27975
4226,786.05664
4227,1577.956
4228,696.2886
4229,631.5036
4230,618.6187
